<?xml version="1.0" encoding="UTF-8"?>
<project-private xmlns="http://www.netbeans.org/ns/project-private/1">
    <editor-bookmarks xmlns="http://www.netbeans.org/ns/editor-bookmarks/2" lastBookmarkId="0"/>
    <open-files xmlns="http://www.netbeans.org/ns/projectui-open-files/2">
        <group>
            <file>file:/C:/Users/Prfct%20Solution/OneDrive/Desktop/OOP/ProjectSubmission/ProjectSubmission/OOP-PROJECT/OOP-PROJECT/src/DefaultPanel/ConnectionToDb.java</file>
            <file>file:/C:/Users/Prfct%20Solution/OneDrive/Desktop/OOP/ProjectSubmission/ProjectSubmission/OOP-PROJECT/OOP-PROJECT/src/AdminPanel/AdminAccess.java</file>
            <file>file:/C:/Users/Prfct%20Solution/OneDrive/Desktop/OOP/ProjectSubmission/ProjectSubmission/OOP-PROJECT/OOP-PROJECT/src/OrderingSystem/Customer.java</file>
            <file>file:/C:/Users/Prfct%20Solution/OneDrive/Desktop/OOP/ProjectSubmission/ProjectSubmission/OOP-PROJECT/OOP-PROJECT/src/DefaultPanel/CreateAccount.java</file>
            <file>file:/C:/Users/Prfct%20Solution/OneDrive/Desktop/OOP/ProjectSubmission/ProjectSubmission/OOP-PROJECT/OOP-PROJECT/src/OrderingSystem/Homepage_2.java</file>
            <file>file:/C:/Users/Prfct%20Solution/OneDrive/Desktop/OOP/ProjectSubmission/ProjectSubmission/OOP-PROJECT/OOP-PROJECT/src/OrderingSystem/KababJeesMenu.java</file>
            <file>file:/C:/Users/Prfct%20Solution/OneDrive/Desktop/OOP/ProjectSubmission/ProjectSubmission/OOP-PROJECT/OOP-PROJECT/src/OrderingSystem/Burger_Cart.java</file>
            <file>file:/C:/Users/Prfct%20Solution/OneDrive/Desktop/OOP/ProjectSubmission/ProjectSubmission/OOP-PROJECT/OOP-PROJECT/src/OrderingSystem/DesiDinersMenu.java</file>
            <file>file:/C:/Users/Prfct%20Solution/OneDrive/Desktop/OOP/ProjectSubmission/ProjectSubmission/OOP-PROJECT/OOP-PROJECT/src/OrderingSystem/HomePage.java</file>
            <file>file:/C:/Users/Prfct%20Solution/OneDrive/Desktop/OOP/ProjectSubmission/ProjectSubmission/OOP-PROJECT/OOP-PROJECT/src/DefaultPanel/CRUD_Functions.java</file>
            <file>file:/C:/Users/Prfct%20Solution/OneDrive/Desktop/OOP/ProjectSubmission/ProjectSubmission/OOP-PROJECT/OOP-PROJECT/src/DefaultPanel/LoadingScreen.java</file>
            <file>file:/C:/Users/Prfct%20Solution/OneDrive/Desktop/OOP/ProjectSubmission/ProjectSubmission/OOP-PROJECT/OOP-PROJECT/src/OrderingSystem/ConnectionToDB.java</file>
            <file>file:/C:/Users/Prfct%20Solution/OneDrive/Desktop/OOP/ProjectSubmission/ProjectSubmission/OOP-PROJECT/OOP-PROJECT/src/DefaultPanel/GuestLogin.java</file>
            <file>file:/C:/Users/Prfct%20Solution/OneDrive/Desktop/OOP/ProjectSubmission/ProjectSubmission/OOP-PROJECT/OOP-PROJECT/src/OrderingSystem/BamBouMenu.java</file>
            <file>file:/C:/Users/Prfct%20Solution/OneDrive/Desktop/OOP/ProjectSubmission/ProjectSubmission/OOP-PROJECT/OOP-PROJECT/src/images/bbb.jpg</file>
            <file>file:/C:/Users/Prfct%20Solution/OneDrive/Desktop/OOP/ProjectSubmission/ProjectSubmission/OOP-PROJECT/OOP-PROJECT/src/OrderingSystem/Homepage_3.java</file>
            <file>file:/C:/Users/Prfct%20Solution/OneDrive/Desktop/OOP/ProjectSubmission/ProjectSubmission/OOP-PROJECT/OOP-PROJECT/src/OrderingSystem/GinsoyMenu.java</file>
            <file>file:/C:/Users/Prfct%20Solution/OneDrive/Desktop/OOP/ProjectSubmission/ProjectSubmission/OOP-PROJECT/OOP-PROJECT/src/images/bambou.png</file>
            <file>file:/C:/Users/Prfct%20Solution/OneDrive/Desktop/OOP/ProjectSubmission/ProjectSubmission/OOP-PROJECT/OOP-PROJECT/src/OrderingSystem/Product.java</file>
            <file>file:/C:/Users/Prfct%20Solution/OneDrive/Desktop/OOP/ProjectSubmission/ProjectSubmission/OOP-PROJECT/OOP-PROJECT/src/DefaultPanel/Forgetpin.java</file>
            <file>file:/C:/Users/Prfct%20Solution/OneDrive/Desktop/OOP/ProjectSubmission/ProjectSubmission/OOP-PROJECT/OOP-PROJECT/src/AdminPanel/AdminClass.java</file>
            <file>file:/C:/Users/Prfct%20Solution/OneDrive/Desktop/OOP/ProjectSubmission/ProjectSubmission/OOP-PROJECT/OOP-PROJECT/src/OrderingSystem/PizzaMaxMenu.java</file>
            <file>file:/C:/Users/Prfct%20Solution/OneDrive/Desktop/OOP/ProjectSubmission/ProjectSubmission/OOP-PROJECT/OOP-PROJECT/src/OrderingSystem/Res_Menus.java</file>
            <file>file:/C:/Users/Prfct%20Solution/OneDrive/Desktop/OOP/ProjectSubmission/ProjectSubmission/OOP-PROJECT/OOP-PROJECT/src/DefaultPanel/GuestMenu.java</file>
            <file>file:/C:/Users/Prfct%20Solution/OneDrive/Desktop/OOP/ProjectSubmission/ProjectSubmission/OOP-PROJECT/OOP-PROJECT/src/images/loading.png</file>
            <file>file:/C:/Users/Prfct%20Solution/OneDrive/Desktop/OOP/ProjectSubmission/ProjectSubmission/OOP-PROJECT/OOP-PROJECT/src/OrderingSystem/Customer_Info.java</file>
            <file>file:/C:/Users/Prfct%20Solution/OneDrive/Desktop/OOP/ProjectSubmission/ProjectSubmission/OOP-PROJECT/OOP-PROJECT/src/DefaultPanel/Login.java</file>
            <file>file:/C:/Users/Prfct%20Solution/OneDrive/Desktop/OOP/ProjectSubmission/ProjectSubmission/OOP-PROJECT/OOP-PROJECT/src/OrderingSystem/Burger_Menu.java</file>
        </group>
    </open-files>
</project-private>
